slug,title,gaggle,songwriter,words,band
"genetically-modified-organisms","Genetically Modified Organisms","Rochester","Vicki Ryder","165","wide"
"hot-flash-choose-lus","Hot Flash – Choose Lu’s","Kingston (historical)","Rose DeShaw","165","wide"
"nasty-nukes","Nasty Nukes","New Mexico","Marcy Matasick","165","wide"
"now-youve-pissed-off-grandma","Now You’ve Pissed Off Grandma","Triangle","Vicki Ryder","165","wide"
"pandemic-parody","Pandemic Parody","Tucson","Lee","165","wide"
"sourpuss-pension-song-no-sugar-from-our-pm","Sourpuss Pension Song, No Sugar from Our PM","Kingston (historical)","Rose DeShaw","165","wide"
"hey-hey-whats-going-on-anti-coal-version","Hey Hey, What’s Going On? (Anti-coal version)","Portland","Linda Schmoldt","166","wide"
"let-me-sell-guns","Let Me Sell Guns","Madison","Sara Williams","166","wide"
"our-grief-is-real","Our Grief is Real","Triangle","Vicki Ryder","166","wide"
"passing-the-torch","Passing the Torch","Tucson","Hank Tusinski (edited by Lee)","166","wide"
"climate-change-is-beyond-serious","Climate Change Is Beyond Serious","Tucson","Hank Tusinski","167","wide"
"recruiters-lie","Recruiters Lie","Rochester","Vicki Ryder","167","wide"
"we-will-stop-you-2","We Will Stop You","Green Bay","Susan Dutton","167","wide"
"all-kinds-of-sex-safely","All Kinds of Sex Safely","Kingston (historical)","Rose DeShaw","168","wide"
"anthem-of-the-1","Anthem of the 1%","New York City Metro","Nora Freeman, Pam Drake, Sunny Armer","168","wide"
"no-bloody-big-casino","No Bloody Big Casino","Kingston (historical)","Rose DeShaw","168","wide"
"noel","NOEL","Santa Fe (historical)","Marcy Matasick","168","wide"
"protest-the-anti-protest-bills","PROTEST THE ANTI-PROTEST BILLS!","Tucson","Lee Stanfield","168","wide"
"send-home-the-military","Send Home the Military!","Triangle","Vicki Ryder","168","wide"
"twelve-steps-song","Twelve Steps Song","Kingston (historical)","Rose DeShaw","168","wide"
"uranium-song","Uranium Song","Wolfville","Wolfville Grans","168","wide"
"another-side-recruiters","Another Side (Recruiters)","New Mexico","Marcy Matasick and Ruth Imber","169","wide"
"donald-leave-the-white-house-now","Donald, Leave the White House Now","Davis","Granny Carol","169","wide"
"get-outta-town-wal-mart","Get Outta Town! (Wal-Mart)","Unknown","Unlisted Songwriter","169","wide"
"oh-lord-wont-you-buy-me-an-ar-15","Oh, Lord, Won’t You Buy Me an AR-15","New Mexico","Marcy Matasick","169","wide"
"step-we-gaily","Step We Gaily","Regina (historical)","Catherine Verrall Regina, Sask grans","169","wide"
"were-all-at-risk-from-ice","We’re All At Risk From ICE","Santa Fe (historical)","Paige Grant","169","wide"
"what-do-ya-get-when-ya-reward-sociopaths","What Do Ya Get When Ya’ Reward Sociopaths?","Tucson","Lee Stanfield","169","wide"
"everlasting-hells-of-nursing-home-care","Everlasting Hells of Nursing Home Care","Kingston (historical)","Rose DeShaw","170","wide"
"no-longer-proud-to-be-an-american","NO LONGER PROUD TO BE AN AMERICAN","Tucson","Lee Stanfield","170","wide"
"pilot-program","Pilot Program","New York City Metro","Nora Freeman","170","wide"
"sixteen-tons-of-political-shit","SIXTEEN TONS OF POLITICAL SHIT!","Tucson","Lee Stanfield","170","wide"
"we-shall-take-our-country-back-from-the-maga-fascists","We Shall Take Our Country Back (from the MAGA fascists)","New Mexico","Marcy Matasick","170","wide"
"weapons-of-mass-profit","Weapons of Mass Profit","Tucson","Lee Stanfield","170","wide"
"anti-recruiter-song","Anti-Recruiter Song","Tucson","Connie Graves","171","wide"
"flint-water-atrocity","Flint Water Atrocity","New York City Metro","Nora Freeman","171","wide"
"obama-we-were-hopeful","Obama We Were Hopeful","Madison","Madison, original lyrics by Nelson","171","wide"
"save-canada","Save Canada","Wolfville","Wolfville Grans","171","wide"
"things-that-go-trump-in-the-night","Things That Go Trump In the Night","New Mexico","Marcy Matasick and Sally-Alice Thompson","171","wide"
"battle-hymn-of-the-donald","Battle Hymn of the Donald","New Mexico","Marcy Matasick","172","wide"
"border-ban-2019-update","Border Ban (2019 Update)","Fresno","Edith Johnson","172","wide"
"donald-the-delusional","DONALD THE DELUSIONAL","Tucson","Lee Stanfield","172","wide"
"ethnic-cleansing-american-style","Ethnic Cleansing American Style","New York City Metro","Nora Freeman","172","wide"
"send-home-the-marines","Send Home the Marines","Triangle","Vicki Ryder","172","wide"
"the-modern-workers-song","The Modern Workers Song","Green Bay","Garnet De Grave, Susan Dutton","172","wide"
"yea-stop-the-dakota-access-pipeline","Yea! Stop the Dakota Access Pipeline","San Francisco Bay Area","Unlisted Songwriter","172","wide"
"corporate-farm","Corporate Farm","Victoria (historical)","Victoria Grans","173","wide"
"dont-be-a-private-school-dunce","Dont be a Private School Dunce!","Kingston (historical)","Rose DeShaw","173","wide"
"say-no-to-the-bus-garage","Say NO to the Bus Garage","Rochester","Vicki Ryder","173","wide"
"you-cant-stop-the-abortion-pill","You Can’t Stop the Abortion Pill","San Francisco Bay Area","Several Grannies","173","wide"
"now-now-now-anti-gun-violence","Now! Now! Now! (Anti-gun violence)","Rochester","Peggy Dempsey and Vicki Ryder","174","wide"
"climate-change-rimas-song","Climate Change (Rima’s Song)","Rochester","Rima Segal","175","tight"
"geriatric-sex","Geriatric Sex","Victoria (historical)","Victoria Grans","175","tight"
"16-tons-of-greed","16 Tons of Greed","New York City Metro","Nora Freeman","176","tight"
"3-stooges-bp-oil-pratfalls-in-the-oil-biz","3 Stooges & BP Oil : Pratfalls in the Oil Biz","Kingston (historical)","Rose DeShaw","176","tight"
"advice-on-canadian-economy","Advice on Canadian Economy","Victoria (historical)","Victoria Grans","176","tight"
"dear-old-mother-earth","Dear Old Mother Earth","Rochester","Vicki Ryder","176","tight"
"election-promises","Election Promises","Kingston (historical)","Rose DeShaw","176","tight"
"the-condom-song","The Condom Song","Vancouver","Hilda Thomas","176","tight"
"third-world-status-here-we-come","Third World Status, Here We Come","Tucson","Lee Stanfield","176","tight"
"deck-the-capitol","Deck the Capitol","New York City Metro","Alice Sutter and Corinne Willinger and Sunny Armer","177","tight"
"more-to-war-than-just-war","More To War Than Just War","Unknown","Liz Harrison","177","tight"
"the-climate-it-is-a-changin","The Climate – It Is A-Changin’","New York City Metro","Sunny Armer revision of Molly Walsh, Montreal lyrics","177","tight"
"dont-let-a-smile-be-your-umbrella","Don’t Let a Smile Be Your Umbrella","New York City Metro","Sunny Armer","178","tight"
"raging-granny-rap","Raging Granny Rap","Victoria (historical)","Victoria Grans","178","tight"
"the-sun-is-burning-in-the-sky","The Sun is Burning in the Sky","Olympia","Ian Campbell","178","tight"
"too-many-children-have-died","Too Many Children Have Died","Madison","Sheila Plotkin","178","tight"
"what-is-critical-race-theory","What Is Critical Race Theory?","Tucson","Lee Stanfield","178","tight"
"world-heat","World Heat","Boston (historical)","Mary Gilbert","178","tight"
"demography-vs-democracy","Demography vs. Democracy","New York City Metro","Nora Freeman","179","tight"
"lincolns-legacy","Lincoln’s Legacy","Madison","Sheila Plotkin","179","tight"
"not-the-answer","NOT THE ANSWER!","Tucson","Lee Stanfield","179","tight"
"privatize-education","Privatize (Education)","Tucson","Lee Stanfield","179","tight"
"r-u-ready-4-world-war-3","R U Ready 4 World War 3?","Tucson","Hank Tusinski and Lee Stanfield","179","tight"
"treat-us-the-same","Treat Us The Same","Calgary","Unlisted Songwriter","179","tight"
"american-congress","American Congress","Tucson","Lee","180","tight"
"cia-hideaway","CIA Hideaway","Tucson","Connie Graves","180","tight"
"enough","ENOUGH!","Tucson","Hank Tusinski","180","tight"
"gotta-stop-the-raids","Gotta Stop the Raids","Santa Fe (historical)","Linda Hassemer and Marcy Matasick","180","tight"
"hammer-for-mumia","Hammer For Mumia","New York City Metro","Nora Freeman and Sunny Armer","180","tight"
"raise-your-voice-for-palestine","RAISE YOUR VOICE FOR PALESTINE","New Mexico","Marcy Matasick","180","tight"
"the-grannies-lament","The Grannies’ Lament","Rochester","Vicki Ryder","180","tight"
"the-vote-song","The Vote Song","Montreal","Montreal Raging Grannies","180","tight"
"true-stories-a-talking-song-about-safe-sex","True Stories – A Talking Song About Safe Sex","Kingston (historical)","Rose DeShaw","180","tight"
"we-are-the-guardrails-now","We Are the Guardrails Now","Madison","Sheila Plotkin","180","tight"
"if-we-had-healthcare","If We Had Healthcare","Guelph","Raging Grannies, Guelph","181","tight"
"shooting-shooting-shooting","Shooting, Shooting, Shooting","Rochester","Vicki Ryder","181","tight"
"were-rising-up-revised","We’re Rising Up (REVISED)","Triangle","Vicki Ryder","181","tight"
"hang-down-your-head-pam-bondi","Hang Down Your Head, Pam Bondi","Piedmont","Paula Miller","182","tight"
"kilmar-abrego-garcia","Kilmar Abrego Garcia","Unknown","Unlisted Songwriter","182","tight"
"pay-o","Pay-O","Portland","Steph Bairey","182","tight"
"weve-always-paid-our-taxes-tax-day-2010","We’ve Always Paid Our Taxes (Tax Day 2010)","Santa Cruz","Evie Shobin and Jan Harwood and Vicki Ryder","182","tight"
"come-back-home-america","Come Back Home, America","Madison","Kathy Miner","183","tight"
"our-eyes-have-seen-the-horror","Our Eyes Have Seen the Horror","Tuolumne & Calaveras Counties","Lori Underwood","183","tight"
"police-brutality","Police Brutality","New York City Metro","Nora Freeman","183","tight"
"single-payer-not-happening","Single Payer Not Happening","Unknown","Robin A Vosburg","183","tight"
"some-of-trumps-favorite-things","SOME OF TRUMP’S FAVORITE THINGS","Tucson","Lee Stanfield","183","tight"
"voting-ragin-granny","Voting Ragin’ Granny","Tompkins County","Cositore Sitrin","183","tight"
"bring-back-my-family-to-me","Bring Back My Family to Me","Tuolumne & Calaveras Counties","Marci Duggan","184","tight"
"if-we-all-work-together","If We All Work Together","Piedmont","Granny Sally","184","tight"
"weve-always-paid-our-taxes-2012","We’ve Always Paid our Taxes 2012","Santa Cruz","Evie Shobin and Jan Harwood and Vicki Ryder","184","tight"
"a-carol-for-fair-taxation","A Carol for Fair Taxation","Rochester","Vicki Ryder","185","tight"
"nuclear-wasteland-state","Nuclear Wasteland State","New Mexico","Marcy Matasick","185","tight"
"sb-202","SB-202","Triangle","Candice Davies","185","tight"
"when-will-occupy-go-home","When Will Occupy Go Home?","Kingston (historical)","Rose DeShaw","185","tight"
"youre-no-good-scotus","You’re No Good, SCOTUS","New Mexico","Paige Grant","185","tight"
"commonsense-sex","Commonsense Sex","Kingston (historical)","Rose DeShaw","186","tight"
"last-chance","Last Chance","Piedmont, Winnipeg","Debby Lake","186","tight"
"o-come-all-you-fearful","O Come All You Fearful","Kingston (historical)","Rose DeShaw","186","tight"
"stop-kavanaugh-now","Stop Kavanaugh NOW!","Triangle","Vicki Ryder","186","tight"
"these-grannies","These Grannies","Tuolumne & Calaveras Counties","Lori Underwood","186","tight"
"were-rising-up-one-billion-rising","We’re Rising Up! (One Billion Rising!)","Triangle","Vicki Ryder","186","tight"
"everybodys-land-gaza-song","Everybody’s Land – Gaza Song","Kingston (historical)","Rose DeShaw","187","tight"
"i-would-do-it-again-song-for-lynne-stewart","I Would Do it Again (Song for Lynne Stewart)","Rochester","Vicki Ryder","187","tight"
"montreal-massacre","Montreal Massacre","Kingston (historical)","Rose DeShaw","187","tight"
"we-rage-to-end-all-war","We Rage to End All War","New York City Metro","Sunny Armer (revision of song byVicki Ryde,r Rochester)","187","tight"
"we-rage-to-end-all-war-updated-to-include-syria","We Rage to End All War, updated to include Syria","Metro Detroit","Kathy Russell, Sunny Armer, (revision of song by Vicki Ryder)","187","tight"
"foreclosure","Foreclosure","Boston (historical)","Sue Gracey","188","tight"
"oh-give-us-a-beach","Oh, Give Us a Beach","South Florida","Vicki Ryder","188","tight"
"start-now","START NOW!","Tucson","Lee Stanfield","188","tight"
"worried-grannies-blues","Worried Grannies Blues","Gray's Harbor","Robin Moore","189","tight"
"science-here-science-there","Science Here, Science There","Tucson","Lee","190","tight"
"65-000-votes","65.000 Votes","Triangle","Vicki Ryder","191","tight"
"are-you-woke","Are You Woke?","Central Florida","Barbara Mars and Dorothy Cresswell","191","tight"
"our-constitution-revised-for-no-kings-day-2025","Our Constitution Revised for No Kings Day 2025","Triangle","Vicki Ryder","191","tight"
"war-vs-climate","War vs Climate","New Mexico","Marcy Matasick and Sally-Alice Thompson","191","tight"
"there-might-be-a-gun","There Might Be a Gun","Madison","Sheila Plotkin","192","tight"
"most-difficult-time-of-the-year","Most Difficult Time of the Year","Kingston (historical)","Rose DeShaw","193","tight"
"oh-tillis-do-your-job-or-insert-congress-or-other-politicians-name","Oh, Tillis, Do Your Job! (or insert Congress or other politician’s name) )","Piedmont","Ferrilyn Sourdiffe and Lyn McCoy","193","tight"
"poor-pm-pops-pensions-o-that-wascally-harper","Poor PM Pops Pensions – O That Wascally Harper!","Kingston (historical)","Rose DeShaw","193","tight"
"save-our-postal-service","Save Our Postal Service","Triangle","Vicki Ryder","193","tight"
"the-more-we-share-our-stories","The More We Share Our Stories","Piedmont","Paula Miller","193","tight"
"the-times-they-do-need-a-changin","The Times They Do Need a Changin’","Westchester (historical)","Audrey Roberts","193","tight"
"uvalde","Uvalde","New Mexico","Marcy Matasick","193","tight"
"we-want-medicare-for-all","We Want Medicare For All","Tucson","Lee Stanfield","193","tight"
"corporations-run-the-world","Corporations Run The World","New York City Metro","Corinne Willinger and Sunny Armer","195","tight"
"glad-to-reycle-my-lunch","Glad To Reycle My Lunch","Kingston (historical)","Rose DeShaw","195","tight"
"off-shore-drilling","Off Shore Drilling","Greater Westerly RI","Pedrolina Paige Delaparrucca","195","tight"
"oh-donny-boy","Oh, Donny Boy","Grant County","Deborah K. Snider","195","tight"
"shockin-potus","Shockin’ POTUS","Olympia","Janet Jordan","195","tight"
"knittin-in-pink","Knittin’ in Pink","Rochester","Vicki Ryder","196","wide"
"thats-what-its-all-about","That’s What It’s All About","Unknown","Sharon Ann Wurmann and Vicki Lewin Ryder","196","wide"
"we-shall-not-be-moved-immigrants-version","We Shall Not Be Moved (Immigrants version)","New Mexico","Marcy Matasick","196","wide"
"workplace-safety","Workplace Safety","Triangle","Vicki Ryder","196","wide"
"good-news-occupy-wall-streets-a-coming","Good News! Occupy Wall Street’s a-Coming","New York City Metro","Alice Sutter","197","wide"
"climate-emergency","Climate Emergency","Davis","Granny Carol","198","wide"
"hit-the-road-trump","Hit the Road, Trump!","Piedmont","Linda Hileman","198","wide"
"we-need-planned-parenthood","We Need Planned Parenthood","Rochester","Vicki Ryder","198","wide"
"when-civil-rights-belong-to-all","When Civil Rights Belong To All","New Mexico","Marcy Matasick","198","wide"
"battle-hymn-of-the-people","Battle Hymn of the People","Rochester","Vicki Ryder","200","wide"
"government-shutdown","Government Shutdown","Rochester","Vicki Ryder","200","wide"
"warcasm","WARCASM","Tucson","Lee Stanfield","200","wide"
"gotta-shut-you-down-lanl-los-alamos-national-lab","Gotta Shut You Down LANL (Los Alamos National Lab)","New Mexico","Marcy Matasick","201","wide"
"hey-dude","Hey, Dude!","Tucson","Connie Graves","201","wide"
"playstation-war-is-not-a-videogame","PlayStation: War Is Not a Videogame","New York City Metro","Sunny Armer","201","wide"
"theyve-got-to-go","THEY’VE GOT TO GO!","Triangle","Vicki Ryder","201","wide"
"do-lord","Do Lord","New Mexico","Marcy Matasick","202","wide"
"song-for-the-occupations-no-more","Song for the Occupations (No More!)","Triangle","Vicki Ryder","202","wide"
"down-in-the-valleys-antiwar-song","Down In The Valleys – Antiwar Song","New Jersey (historical)","Lynn Chong","203","wide"
"friggin-drillin-rigs","Friggin’ Drillin’ Rigs","Rochester","Vicki Ryder","203","wide"
"montreal-massacre-names","Montreal Massacre Names","Kingston (historical)","Rose DeShaw","203","wide"
"more-than-half-the-sky","More Than Half the Sky","Victoria (historical)","Unlisted Songwriter","204","wide"
"no-bounds-of-mercy","NO BOUNDS OF MERCY","New Mexico","Kathy Barket and Marcy Matasick","204","wide"
"shoes-shoes-glorious-shoes","Shoes, Shoes, Glorious Shoes","Montreal","Montreal?","204","wide"
"chanson-sur-les-bouteilles-de-vin","Chanson Sur Les Bouteilles de Vin","Montreal","Ellen Moore","205","wide"
"corporate-persons-have-the-right-to-vote","Corporate Persons Have the Right to Vote","WOWW (historical)","Nora Freeman and Sunny Armer","205","wide"
"dementia","DEMENTIA","Santa Fe (historical)","Marcy Matasick","205","wide"
"no-never-no-more","No Never No More","Madison","Sheila Plotkin","205","wide"
